"Reference","Value","Datasheet","Footprint","Qty","DNP","LCSC","Part No.","Part URL","Vendor"
"C201,C202,C203,C204,C205,C206,C211,C212,C213,C214,C215,C216,C221,C222,C223,C224,C229,C230,C231,C232,C233,C234,C237,C238,C239,C242,C243,C244,C245,C246,C247,C249,C250,C253,C254,C257,C258,C259,C262,C263,C265,C266,C267,C268,C269,C270,C278,C279","100n","~","Capacitor_SMD:C_0603_1608Metric","48","","C14663","","","JLCPCB"
"C208,C218,C276","100p","~","Capacitor_SMD:C_0603_1608Metric","3","","C14858","","","JLCPCB"
"C210,C220","22p","~","Capacitor_SMD:C_0603_1608Metric","2","","C1653","","","JLCPCB"
"C225,C226,C227,C275","22uF","~","Capacitor_SMD:CP_Elec_6.3x5.4","4","","C2836438","","","JLCPCB"
"C236,C272","33p","~","Capacitor_SMD:C_0603_1608Metric","2","","C1663","","","JLCPCB"
"C240","10n","~","Capacitor_SMD:C_0603_1608Metric","1","","C57112","","","JLCPCB"
"C252,C256,C280,C281","47u","~","Capacitor_SMD:CP_Elec_6.3x5.4","4","","C3344","","","JLCPCB"
"C260,C261","100u","~","Capacitor_SMD:CP_Elec_6.3x7.7","2","","C2836437","","","JLCPCB"
"C273,C274,C282,C283,C284,C285","47p","~","Capacitor_SMD:C_0603_1608Metric","6","","C1671","","","JLCPCB"
"C277","1u","~","Capacitor_SMD:C_0603_1608Metric_Pad1.08x0.95mm_HandSolder","1","","C15849","","","JLCPCB"
"D203,D204,D207,D212,D213,D216,D217","1N4148","~","Diode_SMD:D_SOD-123","7","","C81598","","","JLCPCB"
"Q202,Q205,Q207","BC847BS","https://www.tme.eu/Document/82748fbc26f250e671ae2786c3be5a04/BC847BS.115.pdf","Package_TO_SOT_SMD:SOT-363_SC-70-6_Handsoldering","3","","C5380687","","","JLCPCB"
"Q212,Q213,Q214","MMBT5551","https://datasheet.lcsc.com/lcsc/2304140030_Jiangsu-Changjing-Electronics-Technology-Co---Ltd--MMBT5551_C2145.pdf","Package_TO_SOT_SMD:SOT-23","3","","C2145","","","JLCPCB"
"R201,R213,R216,R228,R232,R235,R237,R242,R243,R244,R246,R247,R250,R252,R253,R254,R255,R262,R263,R264,R278,R279,R280,R281,R282,R283,R284,R285,R286,R287,R301,R304,R306,R307,R308,R309,R316,R317,R318,R319,R326,R327,R328,R329,R335,R336,R337,R338,R339,R340","100k","~","Resistor_SMD:R_0603_1608Metric","50","","C25803","","","JLCPCB"
"R202,R212,R217,R227","150k","~","Resistor_SMD:R_0603_1608Metric","4","","C22807","","","JLCPCB"
"R205,R208,R220,R223,R322,R323","1M","~","Resistor_SMD:R_0603_1608Metric","6","","C22935","","","JLCPCB"
"R207,R209,R222,R224","1.5k","~","Resistor_SMD:R_0603_1608Metric","4","","C22843","","","JLCPCB"
"R210,R225","510","~","Resistor_SMD:R_0603_1608Metric","2","","C23193","","","JLCPCB"
"R211,R226","22k","~","Resistor_SMD:R_0603_1608Metric","2","","C31850","","","JLCPCB"
"R214,R229","330k","~","Resistor_SMD:R_0603_1608Metric","2","","C23137","","","JLCPCB"
"R215,R230,R258,R297,R312","2.2k","~","Resistor_SMD:R_0603_1608Metric","5","","C4190","","","JLCPCB"
"R231","4.7k","~","Resistor_SMD:R_0603_1608Metric","1","","C23162","","","JLCPCB"
"R233","220","~","Resistor_SMD:R_0603_1608Metric","1","","C22962","","","JLCPCB"
"R234,R245","33k","~","Resistor_SMD:R_0603_1608Metric","2","","C4216","","","JLCPCB"
"R236,R238,R239,R266,R288,R289,R324,R325","10k","~","Resistor_SMD:R_0603_1608Metric","8","","C25804","","","JLCPCB"
"R240,R241,R296","470k","~","Resistor_SMD:R_0603_1608Metric","3","","C23178","","","JLCPCB"
"R248,R249,R302,R303","15k","~","Resistor_SMD:R_0603_1608Metric","4","","C22809","","","JLCPCB"
"R251,R305","27k","~","Resistor_SMD:R_0603_1608Metric","2","","C22967","","","JLCPCB"
"R256,R259,R310,R313,R320","220k","~","Resistor_SMD:R_0603_1608Metric","5","","C22961","","","JLCPCB"
"R257,R267,R290,R291,R292,R293,R311,R321,R330,R331,R332,R333,R334","47k","~","Resistor_SMD:R_0603_1608Metric","13","","C25819","","","JLCPCB"
"R260,R314","2.2M","~","Resistor_SMD:R_0603_1608Metric","2","","C22938","","","JLCPCB"
"R261,R300,R315","240k","~","Resistor_SMD:R_0603_1608Metric","3","","-- mixed values --","","","JLCPCB"
"R265","75k","~","Resistor_SMD:R_0603_1608Metric","1","","C23242","","","JLCPCB"
"R269,R272,R277,R294,R295","1k","~","Resistor_SMD:R_0603_1608Metric","5","","C21190","","","JLCPCB"
"R270","100k","~","Resistor_SMD:R_0603_1608Metric_Pad0.98x0.95mm_HandSolder","1","","C25803","","","JLCPCB"
"R271","150","~","Resistor_SMD:R_0603_1608Metric","1","","C22808","","","JLCPCB"
"R273,R274","100","~","Resistor_SMD:R_0603_1608Metric","2","","C22775","","","JLCPCB"
"R298","3.3M","~","Resistor_SMD:R_0603_1608Metric","1","","C141659","","","JLCPCB"
"U201,U202,U204,U205,U207,U208,U209,U210,U211,U214,U217,U218,U219,U220,U221,U222,U223,U225,U226,U227","TL072","http://www.ti.com/lit/ds/symlink/tl071.pdf","Package_SO:SOIC-8_3.9x4.9mm_P1.27mm","20","","C6961","","","JLCPCB"
"U203,U206","LM311","https://www.st.com/resource/en/datasheet/lm311.pdf","Package_SO:SOIC-8_3.9x4.9mm_P1.27mm","2","","C12597","","","JLCPCB"
"U213","LM358","http://www.ti.com/lit/ds/symlink/lm2904-n.pdf","Package_SO:SOIC-8_3.9x4.9mm_P1.27mm","1","","C7950","","","JLCPCB"
"U215","CD4053B","http://www.ti.com/lit/ds/symlink/cd4052b.pdf","Package_SO:SOIC-16_3.9x9.9mm_P1.27mm","1","","C6742","","","JLCPCB"
"U216","NE5532","http://www.ti.com/lit/ds/symlink/ne5532.pdf","Package_SO:SOIC-8_3.9x4.9mm_P1.27mm","1","","C7426","","","JLCPCB"
"U228","CD4040BM96","http://www.intersil.com/content/dam/Intersil/documents/cd40/cd4020bms-24bms-40bms.pdf","Package_SO:SOIC-16_3.9x9.9mm_P1.27mm","1","","C353974","","","JLCPCB"
"C241","10u","~","Capacitor_THT:CP_Radial_D6.3mm_P2.50mm","1","","","598-106RSS050M ","https://mou.sr/3VxA0hV","Mouser"
"C248","1u (foil or electrolite)","~","Capacitor_THT:C_Rect_L7.2mm_W5.5mm_P5.00mm_FKS2_FKP2_MKS2_MKP2","1","","","80-R82EC4100Z370K ","https://mou.sr/3ZROEn2","Mouser"
"C251,C255","22n-47n (foil)","~","Capacitor_THT:C_Rect_L7.0mm_W2.5mm_P5.00mm","2","","","80-R82EC1330AA50K ","https://mou.sr/3BhmOHr","Mouser"
"J201,J202,J203,J204","Conn_02x08_Counter_Clockwise","~","Connector_PinHeader_2.54mm:PinHeader_2x08_P2.54mm_Vertical","4","","","737-RS2-16-G ","https://mou.sr/3OWyRwS","Mouser"
"J214","Conn_02x04_Counter_Clockwise","~","Connector_PinHeader_2.54mm:PinHeader_2x04_P2.54mm_Vertical","1","","","737-RS2-08-G ","https://mou.sr/41qYCwK","Mouser"
"J_POWER201","Conn_02x05_Odd_Even","~","Connector_PinHeader_2.54mm:PinHeader_2x05_P2.54mm_Vertical","1","","","737-RS2-10-G ","https://mou.sr/3ZuUKrQ","Mouser"
"Q201,Q204","2N3906","https://www.tme.eu/Document/1d69ece8147fa5a64114d103f531c790/2N3906BU.pdf","Package_TO_SOT_THT:TO-92L_Inline_Wide","2","","","512-2N3906BU ","https://mou.sr/3ZrOXn8","Mouser"
"Q203,Q206","MMBFJ111","https://www.tme.eu/Document/2ab8d7a6d6d8a209f9d7deeb52763e9f/J111.pdf","PCM_Package_TO_SOT_SMD_AKL:SOT-23_Handsoldering","2","","","512-MMBFJ111 ","https://mou.sr/3Us0WP4","Mouser"
"Q208,Q209,Q210","BC548C","https://www.onsemi.com/pub/Collateral/BC550-D.pdf","Package_TO_SOT_THT:TO-92L_Inline_Wide","3","","","637-BC548C ","https://mou.sr/4fhkHkJ","Mouser"
"R203,R218","91k","~","Shmoergh_Custom_Footprints:R_Axial_DIN0207_L6.3mm_D2.5mm_P7.62mm_Horizontal","2","","","603-MFR50SFTE52-91K ","https://mou.sr/3Vwa9XS","Mouser"
"R204,R219","6.2k (50ppm)","~","Shmoergh_Custom_Footprints:R_Axial_DIN0207_L6.3mm_D2.5mm_P7.62mm_Horizontal","2","","","603-MFR50SFTE52-6K2 ","https://mou.sr/3OL65PP","Mouser"
"R206,R221","4R22 (50ppm)","~","Shmoergh_Custom_Footprints:R_Axial_DIN0207_L6.3mm_D2.5mm_P7.62mm_Horizontal","2","","","603-MFR50SFTE52-4R22 ","https://mou.sr/49tYeQ0","Mouser"
"R268","470","~","Shmoergh_Custom_Footprints:R_Axial_DIN0207_L6.3mm_D2.5mm_P7.62mm_Horizontal","1","","","603-MFR-25FBF52-470R","https://mou.sr/3FKKllB","Mouser"
"RV201,RV202,RV203,RV204,RV205,RV_HEADPHONE_LIM201","100k","~","Potentiometer_THT:Potentiometer_ACP_CA6-H2,5_Horizontal","6","","","531-PT6KH104A1010PM ","https://mou.sr/49zQlIS","Mouser"
"RV_ADSR_MAX_VOLTAGE201,RV_TRI_BIAS201,RV_TRI_BIAS202","100k","~","Potentiometer_THT:Potentiometer_Bourns_3006P_Horizontal","3","","","652-3006P-1-104-LF ","https://mou.sr/4ff5W1E","Mouser"
"RV_LINE_OUT_LVL201","10k","~","Potentiometer_THT:Potentiometer_ACP_CA6-H2,5_Horizontal","1","","","531-PT6KH-10K ","https://mou.sr/4gcYhlU","Mouser"
"RV_SAW_BIAS201,RV_SAW_BIAS202","10k","~","Potentiometer_THT:Potentiometer_Bourns_3006P_Horizontal","2","","","652-3006P-1-103-LF ","https://mou.sr/41xh2vW","Mouser"
"R_WIDTH201,R_WIDTH202","20k","~","Potentiometer_THT:Potentiometer_Bourns_3006P_Horizontal","2","","","652-3006P-7-203-LF ","https://mou.sr/41re1x3","Mouser"
"TH201,TH202","PTS120601B100RP100","~","Resistor_SMD:R_1206_3216Metric_Pad1.30x1.75mm_HandSolder","2","","","594-PTS120601B100RP ","https://mou.sr/4g7SsGi","Mouser"
"U212","4002","http://www.intersil.com/content/dam/Intersil/documents/cd40/cd4000bms-01bms-02bms-25bms.pdf","Package_DIP:DIP-14_W7.62mm","1","","","595-CD4002BE ","https://mou.sr/3JJTry1","Mouser"
